{"cameraMode":{"drawMode":0,"name":"Shaded","section":"Shading Mode"},"sceneLighting":false,"audioPlay":false,"sceneViewState":{"showFog":true,"showMaterialUpdate":true,"showSkybox":true,"showFlares":true,"showImageEffects":true,"showParticleSystems":true},"in2DMode":false,"pivot":{"x":-2.298892021179199,"y":2.284055709838867,"z":11.069257736206055},"rotation":{"x":-0.15063835680484773,"y":0.2108912318944931,"z":-0.032911501824855807,"w":-0.9652718901634216},"size":17.61426544189453,"orthographic":false}