{"cameraMode":{"drawMode":0,"name":"Shaded","section":"Shading Mode"},"sceneLighting":false,"audioPlay":false,"sceneViewState":{"showFog":true,"showMaterialUpdate":true,"showSkybox":true,"showFlares":true,"showImageEffects":true,"showParticleSystems":true},"in2DMode":false,"pivot":{"x":-5.55303430557251,"y":-2.625154972076416,"z":14.278837203979493},"rotation":{"x":-0.15431758761405946,"y":0.2043915092945099,"z":-0.032683491706848147,"w":-0.9660962820053101},"size":24.768091201782228,"orthographic":false}